country,year,donated,received,total,data2
Saudi Arabia,1973,0,65097,65097,0-65097
Saudi Arabia,1977,540365522,0,540365522,540365522-0
Saudi Arabia,1978,251262679,622892,251885571,251262679-622892
Saudi Arabia,1979,0,12014220,12014220,0-12014220
Saudi Arabia,1980,112421249,120375527,232796776,112421249-120375527
Saudi Arabia,1981,131496682,409548081,541044763,131496682-409548081
Saudi Arabia,1982,0,197083911,197083911,0-197083911
Saudi Arabia,1983,79371799,206745775,286117574,79371799-206745775
Saudi Arabia,1984,346714096,59201063,405915159,346714096-59201063
Saudi Arabia,1985,128074768,35529584,163604352,128074768-35529584
Saudi Arabia,1986,35996220,36516861,72513081,35996220-36516861
Saudi Arabia,1987,72707674,0,72707674,72707674-0
Saudi Arabia,1988,0,42431775,42431775,0-42431775
Saudi Arabia,1991,0,89458009,89458009,0-89458009
Saudi Arabia,1992,0,148479604,148479604,0-148479604
Saudi Arabia,1994,0,5682814,5682814,0-5682814
Saudi Arabia,1995,0,7397882,7397882,0-7397882
Saudi Arabia,1996,0,2409008,2409008,0-2409008
Saudi Arabia,1997,0,2120366,2120366,0-2120366
Saudi Arabia,1998,0,1348961,1348961,0-1348961
Saudi Arabia,1999,0,2722986716,2722986716,0-2722986716
Saudi Arabia,2000,0,707503988,707503988,0-707503988
Saudi Arabia,2001,0,5047242,5047242,0-5047242
Saudi Arabia,2002,0,2651835,2651835,0-2651835
Saudi Arabia,2003,0,8735630,8735630,0-8735630
Saudi Arabia,2004,0,12603354,12603354,0-12603354
Saudi Arabia,2005,0,9206877,9206877,0-9206877
Saudi Arabia,2006,0,14209342,14209342,0-14209342
Saudi Arabia,2007,0,16462193,16462193,0-16462193
Saudi Arabia,2008,0,348667,348667,0-348667
Saudi Arabia,2009,0,327156,327156,0-327156
Saudi Arabia,2010,0,352548,352548,0-352548
Saudi Arabia,2011,0,282125,282125,0-282125
India,1973,0,2285256534,2285256534,0-2285256534
India,1974,0,3697747278,3697747278,0-3697747278
India,1975,0,3000656166,3000656166,0-3000656166
India,1976,0,2233586413,2233586413,0-2233586413
India,1977,0,3197135157,3197135157,0-3197135157
India,1978,0,2927325215,2927325215,0-2927325215
India,1979,0,1622748901,1622748901,0-1622748901
India,1980,0,2968245303,2968245303,0-2968245303
India,1981,0,3706661088,3706661088,0-3706661088
India,1982,0,2822105457,2822105457,0-2822105457
India,1983,0,2653699004,2653699004,0-2653699004
India,1984,0,4584531386,4584531386,0-4584531386
India,1985,0,1837835819,1837835819,0-1837835819
India,1986,0,3003947484,3003947484,0-3003947484
India,1987,0,4191375895,4191375895,0-4191375895
India,1988,0,3844238228,3844238228,0-3844238228
India,1989,0,3091093501,3091093501,0-3091093501
India,1990,0,2036236423,2036236423,0-2036236423
India,1991,0,3660869551,3660869551,0-3660869551
India,1992,0,5341953099,5341953099,0-5341953099
India,1993,0,1327287513,1327287513,0-1327287513
India,1994,0,4096778597,4096778597,0-4096778597
India,1995,0,2704173002,2704173002,0-2704173002
India,1996,0,4151165519,4151165519,0-4151165519
India,1997,0,4794906726,4794906726,0-4794906726
India,1998,0,2478951563,2478951563,0-2478951563
India,1999,0,1932216592,1932216592,0-1932216592
India,2000,0,1141656334,1141656334,0-1141656334
India,2001,0,2198367696,2198367696,0-2198367696
India,2002,0,2324315788,2324315788,0-2324315788
India,2003,0,2616814261,2616814261,0-2616814261
India,2004,0,2884182630,2884182630,0-2884182630
India,2005,0,3340560624,3340560624,0-3340560624
India,2006,0,4144135136,4144135136,0-4144135136
India,2007,0,5386224705,5386224705,0-5386224705
India,2008,0,5044559917,5044559917,0-5044559917
India,2009,0,3706828324,3706828324,0-3706828324
India,2010,0,3826639675,3826639675,0-3826639675
India,2011,0,3652445742,3652445742,0-3652445742
India,2012,0,4970365576,4970365576,0-4970365576
India,2013,0,4550646147,4550646147,0-4550646147
Brazil,1973,0,312075045,312075045,0-312075045
Brazil,1974,0,306601048,306601048,0-306601048
Brazil,1975,0,100725686,100725686,0-100725686
Brazil,1976,0,83580485,83580485,0-83580485
Brazil,1977,0,501438883,501438883,0-501438883
Brazil,1978,0,151531351,151531351,0-151531351
Brazil,1979,0,167462062,167462062,0-167462062
Brazil,1980,0,397591374,397591374,0-397591374
Brazil,1981,0,1019510084,1019510084,0-1019510084
Brazil,1982,0,577695039,577695039,0-577695039
Brazil,1983,0,129429939,129429939,0-129429939
Brazil,1984,0,643593148,643593148,0-643593148
Brazil,1985,0,1150188786,1150188786,0-1150188786
Brazil,1986,0,398238987,398238987,0-398238987
Brazil,1987,0,688641987,688641987,0-688641987
Brazil,1988,0,319508348,319508348,0-319508348
Brazil,1989,0,470795753,470795753,0-470795753
Brazil,1990,0,546410160,546410160,0-546410160
Brazil,1991,0,1398521154,1398521154,0-1398521154
Brazil,1992,0,269771857,269771857,0-269771857
Brazil,1993,0,726672442,726672442,0-726672442
Brazil,1994,0,2807702721,2807702721,0-2807702721
Brazil,1995,0,2573830958,2573830958,0-2573830958
Brazil,1996,0,1902899155,1902899155,0-1902899155
Brazil,1997,0,2033092975,2033092975,0-2033092975
Brazil,1998,0,1758374210,1758374210,0-1758374210
Brazil,1999,0,1319316622,1319316622,0-1319316622
Brazil,2000,0,1106359401,1106359401,0-1106359401
Brazil,2001,0,1574635711,1574635711,0-1574635711
Brazil,2002,0,1545038937,1545038937,0-1545038937
Brazil,2003,0,779392718,779392718,0-779392718
Brazil,2004,0,646604536,646604536,0-646604536
Brazil,2005,0,723697976,723697976,0-723697976
Brazil,2006,0,473262403,473262403,0-473262403
Brazil,2007,50889,424596650,424647539,50889-424596650
Brazil,2008,168870,575890217,576059087,168870-575890217
Brazil,2009,0,783901399,783901399,0-783901399
Brazil,2010,914681,1059210583,1060125264,914681-1059210583
Brazil,2011,0,1013210831,1013210831,0-1013210831
Brazil,2012,0,2443208137,2443208137,0-2443208137
Brazil,2013,0,703048320,703048320,0-703048320
Taiwan,1974,0,115048,115048,0-115048
Taiwan,1977,0,163198,163198,0-163198
Taiwan,1980,0,374058844,374058844,0-374058844
Taiwan,1981,0,312886996,312886996,0-312886996
Taiwan,1982,0,617069786,617069786,0-617069786
Taiwan,1983,0,54105626,54105626,0-54105626
Taiwan,1984,0,247894043,247894043,0-247894043
Taiwan,1985,0,28782961,28782961,0-28782961
Taiwan,1986,0,21795291,21795291,0-21795291
Taiwan,1987,0,14965414,14965414,0-14965414
Taiwan,1988,0,29459009,29459009,0-29459009
Taiwan,1989,0,75026666,75026666,0-75026666
Taiwan,1991,0,5446049,5446049,0-5446049
Taiwan,1994,45628882,2655902,48284784,45628882-2655902
Taiwan,1995,0,2561779,2561779,0-2561779
Taiwan,1996,0,9333721,9333721,0-9333721
Taiwan,1997,0,2454079,2454079,0-2454079
Taiwan,1998,0,876129,876129,0-876129
Taiwan,1999,30163151,603873086,634036237,30163151-603873086
Taiwan,2000,0,779075653,779075653,0-779075653
Taiwan,2001,0,13689330,13689330,0-13689330
Taiwan,2002,0,170259619,170259619,0-170259619
Taiwan,2003,0,15103689,15103689,0-15103689
Taiwan,2004,0,17888290,17888290,0-17888290
Taiwan,2006,6324571,0,6324571,6324571-0
Taiwan,2007,375139,0,375139,375139-0
Taiwan,2008,348667,0,348667,348667-0
Taiwan,2009,327156,14202,341358,327156-14202
Taiwan,2010,287807,0,287807,287807-0
Taiwan,2011,282125,0,282125,282125-0
Korea,1973,0,1363706959,1363706959,0-1363706959
Korea,1974,0,1455639048,1455639048,0-1455639048
Korea,1975,0,299226023,299226023,0-299226023
Korea,1976,0,938952566,938952566,0-938952566
Korea,1977,0,418471898,418471898,0-418471898
Korea,1978,0,801254989,801254989,0-801254989
Korea,1979,0,146708076,146708076,0-146708076
Korea,1980,0,2625763424,2625763424,0-2625763424
Korea,1981,0,1656173571,1656173571,0-1656173571
Korea,1982,0,216083049,216083049,0-216083049
Korea,1983,0,665624126,665624126,0-665624126
Korea,1984,0,891180603,891180603,0-891180603
Korea,1985,0,907605958,907605958,0-907605958
Korea,1986,0,119590826,119590826,0-119590826
Korea,1987,0,482793059,482793059,0-482793059
Korea,1988,0,438174916,438174916,0-438174916
Korea,1989,0,233488453,233488453,0-233488453
Korea,1990,0,1095572646,1095572646,0-1095572646
Korea,1991,0,39850875,39850875,0-39850875
Korea,1992,0,3337566,3337566,0-3337566
Korea,1993,0,3157283,3157283,0-3157283
Korea,1994,0,1076359694,1076359694,0-1076359694
Korea,1995,0,3947605,3947605,0-3947605
Korea,1996,0,369583888,369583888,0-369583888
Korea,1997,0,1019452888,1019452888,0-1019452888
Korea,1998,0,10793650,10793650,0-10793650
Korea,1999,0,5783774361,5783774361,0-5783774361
Korea,2000,0,444810035,444810035,0-444810035
Korea,2001,0,864874549,864874549,0-864874549
Korea,2002,0,657470006,657470006,0-657470006
Korea,2003,0,117959852,117959852,0-117959852
Korea,2004,0,142941011,142941011,0-142941011
Korea,2006,331823583,0,331823583,331823583-0
Korea,2007,305841026,0,305841026,305841026-0
Korea,2008,57406444,0,57406444,57406444-0
Korea,2009,168844005,0,168844005,168844005-0
Korea,2010,9946450,0,9946450,9946450-0
Korea,2011,11082508,0,11082508,11082508-0
Korea,2012,16780372,0,16780372,16780372-0
Korea,2013,397323332,0,397323332,397323332-0
Kuwait,1973,0,325483,325483,0-325483
Kuwait,1976,206494798,0,206494798,206494798-0
Kuwait,1977,86642765,0,86642765,86642765-0
Kuwait,1978,103885863,0,103885863,103885863-0
Kuwait,1979,59307807,0,59307807,59307807-0
Kuwait,1980,23153412,0,23153412,23153412-0
Kuwait,1981,298564124,78425,298642549,298564124-78425
Kuwait,1982,181627819,0,181627819,181627819-0
Kuwait,1983,154970641,0,154970641,154970641-0
Kuwait,1984,27051193,0,27051193,27051193-0
Kuwait,1985,0,524410,524410,0-524410
Kuwait,1986,84167688,0,84167688,84167688-0
Kuwait,1988,43914563,30421288,74335851,43914563-30421288
Kuwait,1989,43493083,0,43493083,43493083-0
Kuwait,1990,0,1568,1568,0-1568
Kuwait,1991,0,10244282,10244282,0-10244282
Kuwait,1992,6635123,7406838194,7413473317,6635123-7406838194
Kuwait,1993,25461230,0,25461230,25461230-0
Kuwait,1994,0,6860796,6860796,0-6860796
Kuwait,1995,0,302540263,302540263,0-302540263
Kuwait,1996,21381183,612124,21993307,21381183-612124
Kuwait,1997,0,530951,530951,0-530951
Kuwait,1998,1107033,733164,1840197,1107033-733164
Kuwait,1999,0,868779,868779,0-868779
Kuwait,2000,0,959746,959746,0-959746
Kuwait,2001,1219994,4044688,5264682,1219994-4044688
Kuwait,2002,0,3038480,3038480,0-3038480
Kuwait,2003,0,819946,819946,0-819946
Kuwait,2004,0,2097489,2097489,0-2097489
Cyprus,1973,0,9613414,9613414,0-9613414
Cyprus,1974,0,16432279,16432279,0-16432279
Cyprus,1975,0,5864941,5864941,0-5864941
Cyprus,1976,0,31022257,31022257,0-31022257
Cyprus,1977,0,20945184,20945184,0-20945184
Cyprus,1978,0,46647,46647,0-46647
Cyprus,1979,0,15837039,15837039,0-15837039
Cyprus,1980,0,87110643,87110643,0-87110643
Cyprus,1981,0,110234644,110234644,0-110234644
Cyprus,1982,0,31348629,31348629,0-31348629
Cyprus,1983,0,51405078,51405078,0-51405078
Cyprus,1984,0,79282641,79282641,0-79282641
Cyprus,1985,0,39214175,39214175,0-39214175
Cyprus,1986,0,56716357,56716357,0-56716357
Cyprus,1987,0,29088415,29088415,0-29088415
Cyprus,1988,0,60836704,60836704,0-60836704
Cyprus,1989,0,32612810,32612810,0-32612810
Cyprus,1990,0,11768247,11768247,0-11768247
Cyprus,1991,0,24108788,24108788,0-24108788
Cyprus,1992,0,29261936,29261936,0-29261936
Cyprus,1993,0,42046495,42046495,0-42046495
Cyprus,1994,0,46104382,46104382,0-46104382
Cyprus,1995,0,1233692,1233692,0-1233692
Cyprus,1996,0,17809922,17809922,0-17809922
Cyprus,1997,0,9602634,9602634,0-9602634
Cyprus,1998,0,563689,563689,0-563689
Cyprus,1999,0,19380977,19380977,0-19380977
Cyprus,2000,0,5189473,5189473,0-5189473
Cyprus,2001,0,26263860,26263860,0-26263860
Cyprus,2002,0,23150596,23150596,0-23150596
Cyprus,2003,0,9421124,9421124,0-9421124
Cyprus,2004,0,24632806,24632806,0-24632806
Cyprus,2005,5599,0,5599,5599-0
Cyprus,2007,0,4469,4469,0-4469
Lithuania,1991,0,455029,455029,0-455029
Lithuania,1992,0,8257205,8257205,0-8257205
Lithuania,1993,0,73709134,73709134,0-73709134
Lithuania,1994,0,28739967,28739967,0-28739967
Lithuania,1995,0,83881095,83881095,0-83881095
Lithuania,1996,0,89026730,89026730,0-89026730
Lithuania,1997,0,20435390,20435390,0-20435390
Lithuania,1998,0,61227246,61227246,0-61227246
Lithuania,1999,0,12053667,12053667,0-12053667
Lithuania,2000,0,16836580,16836580,0-16836580
Lithuania,2001,0,30635613,30635613,0-30635613
Lithuania,2002,0,25362242,25362242,0-25362242
Lithuania,2003,0,33181470,33181470,0-33181470
Lithuania,2004,0,30341902,30341902,0-30341902
Thailand,1973,0,206363405,206363405,0-206363405
Thailand,1974,0,867668418,867668418,0-867668418
Thailand,1975,0,333639956,333639956,0-333639956
Thailand,1976,0,110042103,110042103,0-110042103
Thailand,1977,0,715883953,715883953,0-715883953
Thailand,1978,0,859278853,859278853,0-859278853
Thailand,1979,0,1283439829,1283439829,0-1283439829
Thailand,1980,0,902852253,902852253,0-902852253
Thailand,1981,0,1178204797,1178204797,0-1178204797
Thailand,1982,0,1595007194,1595007194,0-1595007194
Thailand,1983,0,1165432587,1165432587,0-1165432587
Thailand,1984,0,1135099078,1135099078,0-1135099078
Thailand,1985,0,1151123605,1151123605,0-1151123605
Thailand,1986,0,762121484,762121484,0-762121484
Thailand,1987,0,1016033769,1016033769,0-1016033769
Thailand,1988,0,1297612686,1297612686,0-1297612686
Thailand,1989,0,626032718,626032718,0-626032718
Thailand,1990,0,1790643316,1790643316,0-1790643316
Thailand,1991,0,1898189675,1898189675,0-1898189675
Thailand,1992,0,1014335727,1014335727,0-1014335727
Thailand,1993,0,3338548445,3338548445,0-3338548445
Thailand,1994,0,1416098158,1416098158,0-1416098158
Thailand,1995,0,792655526,792655526,0-792655526
Thailand,1996,0,1671334558,1671334558,0-1671334558
Thailand,1997,0,6371021429,6371021429,0-6371021429
Thailand,1998,0,2437534353,2437534353,0-2437534353
Thailand,1999,0,3761639876,3761639876,0-3761639876
Thailand,2000,0,1792837766,1792837766,0-1792837766
Thailand,2001,0,532323112,532323112,0-532323112
Thailand,2002,0,1205361664,1205361664,0-1205361664
Thailand,2003,0,289796785,289796785,0-289796785
Thailand,2004,0,722232350,722232350,0-722232350
Thailand,2005,0,750726362,750726362,0-750726362
Thailand,2006,0,475487975,475487975,0-475487975
Thailand,2007,4469,246621101,246625570,4469-246621101
Thailand,2008,0,938244893,938244893,0-938244893
Thailand,2009,0,1038513059,1038513059,0-1038513059
Thailand,2010,20992,560953853,560974845,20992-560953853
Thailand,2011,0,196842375,196842375,0-196842375
Thailand,2012,0,333622409,333622409,0-333622409
Thailand,2013,0,259915985,259915985,0-259915985
Slovak Republic,1993,0,9121048,9121048,0-9121048
Slovak Republic,1994,0,52553361,52553361,0-52553361
Slovak Republic,1995,0,75586685,75586685,0-75586685
Slovak Republic,1996,0,120767538,120767538,0-120767538
Slovak Republic,1997,0,219387257,219387257,0-219387257
Slovak Republic,1998,0,22763026,22763026,0-22763026
Slovak Republic,1999,0,132187615,132187615,0-132187615
Slovak Republic,2000,0,24767414,24767414,0-24767414
Slovak Republic,2001,0,52945385,52945385,0-52945385
Slovak Republic,2002,0,35860783,35860783,0-35860783
Slovak Republic,2003,0,41479968,41479968,0-41479968
Slovak Republic,2004,0,33775543,33775543,0-33775543
Slovak Republic,2005,326093,0,326093,326093-0
Slovak Republic,2009,14202,0,14202,14202-0
Slovak Republic,2010,14132,0,14132,14132-0
Slovak Republic,2013,41147,0,41147,41147-0
Qatar,1988,0,9137956,9137956,0-9137956
Qatar,1989,0,2949100,2949100,0-2949100
Qatar,1993,0,9564499,9564499,0-9564499
Qatar,1994,0,1252342,1252342,0-1252342
Qatar,1995,0,346430,346430,0-346430
Qatar,1996,0,836714,836714,0-836714
Qatar,1997,0,705173409,705173409,0-705173409
Qatar,1998,0,582329,582329,0-582329
Qatar,1999,0,491169,491169,0-491169
Qatar,2000,0,673904,673904,0-673904
Qatar,2001,0,771977,771977,0-771977
Qatar,2002,0,220245,220245,0-220245
Qatar,2003,0,324759,324759,0-324759
Qatar,2004,0,1458916,1458916,0-1458916
Qatar,2007,104519053,0,104519053,104519053-0
United States,1973,1553264205,0,1553264205,1553264205-0
United States,1974,871092243,0,871092243,871092243-0
United States,1975,944272511,0,944272511,944272511-0
United States,1976,897290248,0,897290248,897290248-0
United States,1977,246198361,0,246198361,246198361-0
United States,1978,438452911,0,438452911,438452911-0
United States,1979,717779582,0,717779582,717779582-0
United States,1980,6864224034,0,6864224034,6864224034-0
United States,1981,8124423748,0,8124423748,8124423748-0
United States,1982,3462490652,0,3462490652,3462490652-0
United States,1983,1091122225,0,1091122225,1091122225-0
United States,1984,2515278485,0,2515278485,2515278485-0
United States,1985,2735617446,0,2735617446,2735617446-0
United States,1986,1334668057,0,1334668057,1334668057-0
United States,1987,1846214071,0,1846214071,1846214071-0
United States,1988,1051167154,0,1051167154,1051167154-0
United States,1989,1065107732,0,1065107732,1065107732-0
United States,1990,1722305682,0,1722305682,1722305682-0
United States,1991,2887003516,0,2887003516,2887003516-0
United States,1992,11399278504,0,11399278504,11399278504-0
United States,1993,4501838784,0,4501838784,4501838784-0
United States,1994,8154319014,0,8154319014,8154319014-0
United States,1995,3392574370,0,3392574370,3392574370-0
United States,1996,4595800488,0,4595800488,4595800488-0
United States,1997,3423306503,0,3423306503,3423306503-0
United States,1998,2460766389,0,2460766389,2460766389-0
United States,1999,7962084321,0,7962084321,7962084321-0
United States,2000,6008166308,0,6008166308,6008166308-0
United States,2001,4136147099,0,4136147099,4136147099-0
United States,2002,4549559432,4920,4549564352,4549559432-4920
United States,2003,1258474359,0,1258474359,1258474359-0
United States,2004,1328167876,0,1328167876,1328167876-0
United States,2005,1350566958,0,1350566958,1350566958-0
United States,2006,1935937419,0,1935937419,1935937419-0
United States,2007,1111447327,104519053,1215966380,1111447327-104519053
United States,2008,1715190276,1019,1715191295,1715190276-1019
United States,2009,1695864746,0,1695864746,1695864746-0
United States,2010,1517053044,0,1517053044,1517053044-0
United States,2011,1158991620,0,1158991620,1158991620-0
United States,2012,1093496899,0,1093496899,1093496899-0
United States,2013,1059333467,0,1059333467,1059333467-0
South Africa,1987,0,105825534,105825534,0-105825534
South Africa,1988,0,110849,110849,0-110849
South Africa,1989,0,320399942,320399942,0-320399942
South Africa,1990,0,271828896,271828896,0-271828896
South Africa,1991,0,64650922,64650922,0-64650922
South Africa,1992,0,234490451,234490451,0-234490451
South Africa,1993,0,541955585,541955585,0-541955585
South Africa,1994,0,516230795,516230795,0-516230795
South Africa,1995,0,626257607,626257607,0-626257607
South Africa,1996,0,974078843,974078843,0-974078843
South Africa,1997,0,694290770,694290770,0-694290770
South Africa,1998,0,666789364,666789364,0-666789364
South Africa,1999,0,669943614,669943614,0-669943614
South Africa,2000,0,737221627,737221627,0-737221627
South Africa,2001,0,935444476,935444476,0-935444476
South Africa,2002,0,644990736,644990736,0-644990736
South Africa,2003,0,608581390,608581390,0-608581390
South Africa,2004,0,540700003,540700003,0-540700003
South Africa,2005,0,927379768,927379768,0-927379768
South Africa,2006,0,853103554,853103554,0-853103554
South Africa,2007,0,1070653291,1070653291,0-1070653291
South Africa,2008,0,1148281785,1148281785,0-1148281785
South Africa,2009,0,1281799284,1281799284,0-1281799284
South Africa,2010,0,971208512,971208512,0-971208512
South Africa,2011,0,943390545,943390545,0-943390545
South Africa,2012,0,955734671,955734671,0-955734671
South Africa,2013,0,1350212256,1350212256,0-1350212256
Colombia,1973,0,549944785,549944785,0-549944785
Colombia,1974,0,203545814,203545814,0-203545814
Colombia,1975,0,145779156,145779156,0-145779156
Colombia,1976,0,143082677,143082677,0-143082677
Colombia,1977,0,67799905,67799905,0-67799905
Colombia,1978,0,54438681,54438681,0-54438681
Colombia,1979,0,15388003,15388003,0-15388003
Colombia,1980,0,257368296,257368296,0-257368296
Colombia,1981,0,176100059,176100059,0-176100059
Colombia,1982,0,1228919949,1228919949,0-1228919949
Colombia,1983,0,110714529,110714529,0-110714529
Colombia,1984,0,204495135,204495135,0-204495135
Colombia,1985,0,835091486,835091486,0-835091486
Colombia,1986,0,310212012,310212012,0-310212012
Colombia,1987,0,74058995,74058995,0-74058995
Colombia,1988,0,234020126,234020126,0-234020126
Colombia,1989,0,200318505,200318505,0-200318505
Colombia,1990,0,539309295,539309295,0-539309295
Colombia,1991,0,484986642,484986642,0-484986642
Colombia,1992,0,492185858,492185858,0-492185858
Colombia,1993,0,648542403,648542403,0-648542403
Colombia,1994,0,303016912,303016912,0-303016912
Colombia,1995,0,586866583,586866583,0-586866583
Colombia,1996,0,1052281529,1052281529,0-1052281529
Colombia,1997,0,94226174,94226174,0-94226174
Colombia,1998,0,407763235,407763235,0-407763235
Colombia,1999,0,881928095,881928095,0-881928095
Colombia,2000,0,1899134643,1899134643,0-1899134643
Colombia,2001,0,585022135,585022135,0-585022135
Colombia,2002,0,835264836,835264836,0-835264836
Colombia,2003,0,1086177861,1086177861,0-1086177861
Colombia,2004,0,951773147,951773147,0-951773147
Colombia,2005,0,1056910201,1056910201,0-1056910201
Colombia,2006,0,1617817757,1617817757,0-1617817757
Colombia,2007,77466,800292991,800370457,77466-800292991
Colombia,2008,6798,1190054198,1190060996,6798-1190054198
Colombia,2009,0,1279008966,1279008966,0-1279008966
Colombia,2010,106531,1128442346,1128548877,106531-1128442346
Colombia,2011,0,749156157,749156157,0-749156157
Colombia,2012,0,1009768225,1009768225,0-1009768225
Colombia,2013,0,1039328005,1039328005,0-1039328005
France,1973,247189555,0,247189555,247189555-0
France,1974,367384662,0,367384662,367384662-0
France,1975,192416969,0,192416969,192416969-0
France,1976,183658423,0,183658423,183658423-0
France,1977,168900067,0,168900067,168900067-0
France,1978,97437457,0,97437457,97437457-0
France,1979,25058027,0,25058027,25058027-0
France,1980,360323267,116609845,476933112,360323267-116609845
France,1981,277458713,120922782,398381495,277458713-120922782
France,1982,446543740,0,446543740,446543740-0
France,1983,164059809,0,164059809,164059809-0
France,1984,367362828,0,367362828,367362828-0
France,1985,212486003,0,212486003,212486003-0
France,1986,296394154,0,296394154,296394154-0
France,1987,254311333,0,254311333,254311333-0
France,1988,274040470,0,274040470,274040470-0
France,1989,469783071,0,469783071,469783071-0
France,1990,586988135,0,586988135,586988135-0
France,1991,75995551,0,75995551,75995551-0
France,1992,220827059,0,220827059,220827059-0
France,1993,246959806,0,246959806,246959806-0
France,1994,242597753,0,242597753,242597753-0
France,1995,184288339,0,184288339,184288339-0
France,1996,310518112,0,310518112,310518112-0
France,1997,181377579,0,181377579,181377579-0
France,1998,218643543,0,218643543,218643543-0
France,1999,195502185,0,195502185,195502185-0
France,2000,526519855,0,526519855,526519855-0
France,2001,621418995,0,621418995,621418995-0
France,2002,534709591,0,534709591,534709591-0
France,2003,507020648,0,507020648,507020648-0
France,2004,596317633,0,596317633,596317633-0
France,2005,275332592,0,275332592,275332592-0
France,2006,464260209,0,464260209,464260209-0
France,2007,401771684,0,401771684,401771684-0
France,2008,246968178,8227,246976405,246968178-8227
France,2009,443827383,0,443827383,443827383-0
France,2010,479271279,0,479271279,479271279-0
France,2011,385580197,0,385580197,385580197-0
France,2012,1857862442,0,1857862442,1857862442-0
France,2013,1247092339,0,1247092339,1247092339-0
Chile,1973,0,88056078,88056078,0-88056078
Chile,1974,0,257689227,257689227,0-257689227
Chile,1975,0,365408442,365408442,0-365408442
Chile,1976,0,155551297,155551297,0-155551297
Chile,1977,0,2568149,2568149,0-2568149
Chile,1978,0,4418418,4418418,0-4418418
Chile,1979,0,49451759,49451759,0-49451759
Chile,1980,0,17218386,17218386,0-17218386
Chile,1981,0,24802202,24802202,0-24802202
Chile,1982,0,25718071,25718071,0-25718071
Chile,1983,0,33869655,33869655,0-33869655
Chile,1984,0,314012953,314012953,0-314012953
Chile,1985,0,624811340,624811340,0-624811340
Chile,1986,0,123522992,123522992,0-123522992
Chile,1987,0,62625327,62625327,0-62625327
Chile,1988,0,73331550,73331550,0-73331550
Chile,1989,0,152229260,152229260,0-152229260
Chile,1990,0,260281186,260281186,0-260281186
Chile,1991,0,575859750,575859750,0-575859750
Chile,1992,0,686092378,686092378,0-686092378
Chile,1993,0,246885634,246885634,0-246885634
Chile,1994,0,98616016,98616016,0-98616016
Chile,1995,0,326285394,326285394,0-326285394
Chile,1996,0,66195930,66195930,0-66195930
Chile,1997,0,180051006,180051006,0-180051006
Chile,1998,0,279286896,279286896,0-279286896
Chile,1999,0,312658747,312658747,0-312658747
Chile,2000,0,143596162,143596162,0-143596162
Chile,2001,0,290131143,290131143,0-290131143
Chile,2002,117867,118858994,118976861,117867-118858994
Chile,2003,32051,74584206,74616257,32051-74584206
Chile,2004,37923,86004680,86042603,37923-86004680
Chile,2005,49967,73415885,73465852,49967-73415885
Chile,2006,129055,53907751,54036806,129055-53907751
Chile,2007,56833,114940960,114997793,56833-114940960
Chile,2008,10280,275383474,275393754,10280-275383474
Chile,2009,40764,136810686,136851450,40764-136810686
Chile,2010,89609,120087929,120177538,89609-120087929
Chile,2011,0,63814172,63814172,0-63814172
Chile,2012,0,72801720,72801720,0-72801720
Chile,2013,0,302293325,302293325,0-302293325
Estonia,1991,0,990684,990684,0-990684
Estonia,1992,0,16023398,16023398,0-16023398
Estonia,1993,0,38337840,38337840,0-38337840
Estonia,1994,0,25652518,25652518,0-25652518
Estonia,1995,0,18418713,18418713,0-18418713
Estonia,1996,0,30942970,30942970,0-30942970
Estonia,1997,0,8307811,8307811,0-8307811
Estonia,1998,0,20250742,20250742,0-20250742
Estonia,1999,0,9201870,9201870,0-9201870
Estonia,2000,0,16010329,16010329,0-16010329
Estonia,2001,184731,24044423,24229154,184731-24044423
Estonia,2002,94211,8104097,8198308,94211-8104097
Estonia,2003,0,15925093,15925093,0-15925093
Estonia,2004,0,19139015,19139015,0-19139015
Poland,1980,0,75000451,75000451,0-75000451
Poland,1981,0,35410,35410,0-35410
Poland,1982,0,70326,70326,0-70326
Poland,1983,0,63282,63282,0-63282
Poland,1985,0,1014259163,1014259163,0-1014259163
Poland,1986,0,7204596,7204596,0-7204596
Poland,1988,0,11464751,11464751,0-11464751
Poland,1989,0,2608739881,2608739881,0-2608739881
Poland,1990,0,3069497876,3069497876,0-3069497876
Poland,1991,0,326279481,326279481,0-326279481
Poland,1992,0,9141850218,9141850218,0-9141850218
Poland,1993,0,367250867,367250867,0-367250867
Poland,1994,0,431842731,431842731,0-431842731
Poland,1995,0,3376022477,3376022477,0-3376022477
Poland,1996,0,359200576,359200576,0-359200576
Poland,1997,0,309290589,309290589,0-309290589
Poland,1998,0,338026840,338026840,0-338026840
Poland,1999,0,377114427,377114427,0-377114427
Poland,2000,0,632761107,632761107,0-632761107
Poland,2001,0,670468736,670468736,0-670468736
Poland,2002,0,479506516,479506516,0-479506516
Poland,2003,0,492707038,492707038,0-492707038
Poland,2004,0,428513747,428513747,0-428513747
Poland,2007,0,54102,54102,0-54102
Poland,2013,403184,0,403184,403184-0
Czech Republic,1990,0,549039,549039,0-549039
Czech Republic,1991,0,392264026,392264026,0-392264026
Czech Republic,1992,0,212986243,212986243,0-212986243
Czech Republic,1993,0,170159661,170159661,0-170159661
Czech Republic,1994,0,487593167,487593167,0-487593167
Czech Republic,1995,0,182015721,182015721,0-182015721
Czech Republic,1996,4724939,35124917,39849856,4724939-35124917
Czech Republic,1997,1151600,99553819,100705419,1151600-99553819
Czech Republic,1998,0,120505911,120505911,0-120505911
Czech Republic,1999,0,82522618,82522618,0-82522618
Czech Republic,2000,0,145892164,145892164,0-145892164
Czech Republic,2001,530941,65382378,65913319,530941-65382378
Czech Republic,2002,156771,60471458,60628229,156771-60471458
Czech Republic,2003,247942,45608312,45856254,247942-45608312
Czech Republic,2004,0,41237106,41237106,0-41237106
Czech Republic,2005,119901,46801,166702,119901-46801
Czech Republic,2006,918070,0,918070,918070-0
Czech Republic,2008,230219,0,230219,230219-0
Czech Republic,2009,397563,0,397563,397563-0
Czech Republic,2011,164099,0,164099,164099-0
Czech Republic,2012,165238,0,165238,165238-0
Czech Republic,2013,123152,0,123152,123152-0
Hungary,1985,0,31296368,31296368,0-31296368
Hungary,1989,0,1482250,1482250,0-1482250
Hungary,1990,0,315616677,315616677,0-315616677
Hungary,1991,0,624227866,624227866,0-624227866
Hungary,1992,0,179864578,179864578,0-179864578
Hungary,1993,0,322532354,322532354,0-322532354
Hungary,1994,0,393976481,393976481,0-393976481
Hungary,1995,0,330369147,330369147,0-330369147
Hungary,1996,0,349275403,349275403,0-349275403
Hungary,1997,0,53047029,53047029,0-53047029
Hungary,1998,0,27853171,27853171,0-27853171
Hungary,1999,0,26274654,26274654,0-26274654
Hungary,2000,0,29607289,29607289,0-29607289
Hungary,2001,0,71227382,71227382,0-71227382
Hungary,2002,0,46184177,46184177,0-46184177
Hungary,2003,0,68595560,68595560,0-68595560
Hungary,2004,0,53861240,53861240,0-53861240
Hungary,2005,254145,0,254145,254145-0
Hungary,2007,2747,21733,24480,2747-21733
Hungary,2008,67660,0,67660,67660-0
Hungary,2010,0,14132,14132,0-14132
Romania,1980,0,44381441,44381441,0-44381441
Romania,1981,0,262077414,262077414,0-262077414
Romania,1989,0,5092048,5092048,0-5092048
Romania,1990,0,299897,299897,0-299897
Romania,1991,0,2904763,2904763,0-2904763
Romania,1992,0,174756620,174756620,0-174756620
Romania,1993,0,92433527,92433527,0-92433527
Romania,1994,0,47195859,47195859,0-47195859
Romania,1995,0,189810215,189810215,0-189810215
Romania,1996,0,240362515,240362515,0-240362515
Romania,1997,0,168028130,168028130,0-168028130
Romania,1998,0,339859562,339859562,0-339859562
Romania,1999,0,222375326,222375326,0-222375326
Romania,2000,0,223359836,223359836,0-223359836
Romania,2001,0,636869083,636869083,0-636869083
Romania,2002,0,277336395,277336395,0-277336395
Romania,2003,0,202807923,202807923,0-202807923
Romania,2004,0,198721214,198721214,0-198721214
Romania,2005,0,278521,278521,0-278521
Romania,2007,0,97380,97380,0-97380
Romania,2008,0,12192,12192,0-12192
Canada,1973,437928427,0,437928427,437928427-0
Canada,1974,68502158,0,68502158,68502158-0
Canada,1975,93027681,0,93027681,93027681-0
Canada,1976,116287322,0,116287322,116287322-0
Canada,1977,38957778,0,38957778,38957778-0
Canada,1978,100516271,0,100516271,100516271-0
Canada,1979,80241209,0,80241209,80241209-0
Canada,1980,139264006,531674896,670938902,139264006-531674896
Canada,1981,546970726,2540405789,3087376515,546970726-2540405789
Canada,1982,87937147,170174807,258111954,87937147-170174807
Canada,1983,148016945,0,148016945,148016945-0
Canada,1984,691336664,153022875,844359539,691336664-153022875
Canada,1985,146523445,0,146523445,146523445-0
Canada,1986,392105553,0,392105553,392105553-0
Canada,1987,331152346,0,331152346,331152346-0
Canada,1988,149433255,0,149433255,149433255-0
Canada,1989,95861356,1961661,97823017,95861356-1961661
Canada,1990,146349000,0,146349000,146349000-0
Canada,1991,79132048,0,79132048,79132048-0
Canada,1992,203523019,0,203523019,203523019-0
Canada,1993,129123101,83925439,213048540,129123101-83925439
Canada,1994,83435990,0,83435990,83435990-0
Canada,1995,140853583,0,140853583,140853583-0
Canada,1996,240599471,0,240599471,240599471-0
Canada,1997,114731583,0,114731583,114731583-0
Canada,1998,385748294,0,385748294,385748294-0
Canada,1999,434102951,0,434102951,434102951-0
Canada,2000,356912625,0,356912625,356912625-0
Canada,2001,349119993,0,349119993,349119993-0
Canada,2002,242075816,587432031,829507847,242075816-587432031
Canada,2003,154336187,0,154336187,154336187-0
Canada,2004,172189837,0,172189837,172189837-0
Canada,2005,66617166,0,66617166,66617166-0
Canada,2006,60308595,0,60308595,60308595-0
Canada,2007,62686742,0,62686742,62686742-0
Canada,2008,75865089,55468,75920557,75865089-55468
Canada,2009,74116591,0,74116591,74116591-0
Canada,2010,66543586,0,66543586,66543586-0
Canada,2011,49798170,0,49798170,49798170-0
Canada,2012,59322273,0,59322273,59322273-0
Canada,2013,54784201,0,54784201,54784201-0
Australia,1973,46285863,0,46285863,46285863-0
Australia,1974,26950877,0,26950877,26950877-0
Australia,1975,77691781,0,77691781,77691781-0
Australia,1976,27718070,0,27718070,27718070-0
Australia,1977,72648152,0,72648152,72648152-0
Australia,1978,47483698,0,47483698,47483698-0
Australia,1979,9763598,0,9763598,9763598-0
Australia,1980,23283790,54502260,77786050,23283790-54502260
Australia,1981,18425831,747648005,766073836,18425831-747648005
Australia,1982,10458375,2599450,13057825,10458375-2599450
Australia,1983,7388539,0,7388539,7388539-0
Australia,1984,3698286,0,3698286,3698286-0
Australia,1985,6929573,0,6929573,6929573-0
Australia,1986,25229662,0,25229662,25229662-0
Australia,1987,18309923,0,18309923,18309923-0
Australia,1988,1758350,0,1758350,1758350-0
Australia,1989,163270223,0,163270223,163270223-0
Australia,1990,93432068,0,93432068,93432068-0
Australia,1991,518306838,0,518306838,518306838-0
Australia,1992,57379649,193553716,250933365,57379649-193553716
Australia,1993,37557879,79262311,116820190,37557879-79262311
Australia,1994,62005978,321233163,383239141,62005978-321233163
Australia,1995,87263724,343759453,431023177,87263724-343759453
Australia,1996,80468022,0,80468022,80468022-0
Australia,1997,99085271,0,99085271,99085271-0
Australia,1998,60046657,133176980,193223637,60046657-133176980
Australia,1999,87775767,0,87775767,87775767-0
Australia,2000,115957719,0,115957719,115957719-0
Australia,2001,99427776,0,99427776,99427776-0
Australia,2002,45235182,696882923,742118105,45235182-696882923
Australia,2003,94571888,0,94571888,94571888-0
Australia,2004,17256770,0,17256770,17256770-0
Australia,2005,28927690,0,28927690,28927690-0
Australia,2006,27058214,0,27058214,27058214-0
Australia,2007,13864351,0,13864351,13864351-0
Australia,2008,18754564,0,18754564,18754564-0
Australia,2009,17680084,0,17680084,17680084-0
Australia,2010,32806019,0,32806019,32806019-0
Australia,2011,41545539,0,41545539,41545539-0
Australia,2012,55649016,0,55649016,55649016-0
Australia,2013,67265056,0,67265056,67265056-0
Sweden,1973,168369255,0,168369255,168369255-0
Sweden,1974,30299330,0,30299330,30299330-0
Sweden,1975,201059589,0,201059589,201059589-0
Sweden,1976,151806434,0,151806434,151806434-0
Sweden,1977,143468255,0,143468255,143468255-0
Sweden,1978,472112462,0,472112462,472112462-0
Sweden,1979,253701905,0,253701905,253701905-0
Sweden,1980,10679246,35282669,45961915,10679246-35282669
Sweden,1981,151539023,24474486,176013509,151539023-24474486
Sweden,1982,147903816,0,147903816,147903816-0
Sweden,1983,136226862,0,136226862,136226862-0
Sweden,1984,133481767,0,133481767,133481767-0
Sweden,1985,123903610,0,123903610,123903610-0
Sweden,1986,198445181,0,198445181,198445181-0
Sweden,1987,72374249,0,72374249,72374249-0
Sweden,1988,185535976,0,185535976,185535976-0
Sweden,1989,946284591,0,946284591,946284591-0
Sweden,1990,400387605,0,400387605,400387605-0
Sweden,1991,173278658,0,173278658,173278658-0
Sweden,1992,272478628,0,272478628,272478628-0
Sweden,1993,117438835,0,117438835,117438835-0
Sweden,1994,171450490,0,171450490,171450490-0
Sweden,1995,233739645,0,233739645,233739645-0
Sweden,1996,142391886,0,142391886,142391886-0
Sweden,1997,126686840,0,126686840,126686840-0
Sweden,1998,117646650,0,117646650,117646650-0
Sweden,1999,121378837,0,121378837,121378837-0
Sweden,2000,68464897,0,68464897,68464897-0
Sweden,2001,95729319,0,95729319,95729319-0
Sweden,2002,48750953,0,48750953,48750953-0
Sweden,2003,109071656,0,109071656,109071656-0
Sweden,2004,58723484,0,58723484,58723484-0
Sweden,2005,89823816,0,89823816,89823816-0
Sweden,2006,48832575,0,48832575,48832575-0
Sweden,2007,45890520,0,45890520,45890520-0
Sweden,2008,40720968,0,40720968,40720968-0
Sweden,2009,76554392,0,76554392,76554392-0
Sweden,2010,94790240,0,94790240,94790240-0
Sweden,2011,57386226,0,57386226,57386226-0
Sweden,2012,42966784,0,42966784,42966784-0
Sweden,2013,82270421,0,82270421,82270421-0
Denmark,1974,56839286,0,56839286,56839286-0
Denmark,1975,10392556,0,10392556,10392556-0
Denmark,1976,28849377,0,28849377,28849377-0
Denmark,1977,112241594,0,112241594,112241594-0
Denmark,1978,2086036,0,2086036,2086036-0
Denmark,1979,35943903,0,35943903,35943903-0
Denmark,1980,96585940,104288895,200874835,96585940-104288895
Denmark,1981,215721283,0,215721283,215721283-0
Denmark,1982,122090821,0,122090821,122090821-0
Denmark,1983,84368125,0,84368125,84368125-0
Denmark,1984,131061636,62021691,193083327,131061636-62021691
Denmark,1985,154044569,0,154044569,154044569-0
Denmark,1986,110720962,0,110720962,110720962-0
Denmark,1987,149837777,0,149837777,149837777-0
Denmark,1988,119577810,0,119577810,119577810-0
Denmark,1989,133430275,0,133430275,133430275-0
Denmark,1990,58616306,0,58616306,58616306-0
Denmark,1991,80582842,0,80582842,80582842-0
Denmark,1992,40778102,0,40778102,40778102-0
Denmark,1993,67062860,0,67062860,67062860-0
Denmark,1994,110637370,0,110637370,110637370-0
Denmark,1995,73451287,0,73451287,73451287-0
Denmark,1996,244013860,0,244013860,244013860-0
Denmark,1997,79381953,0,79381953,79381953-0
Denmark,1998,15650457,0,15650457,15650457-0
Denmark,1999,75309242,0,75309242,75309242-0
Denmark,2000,37463179,0,37463179,37463179-0
Denmark,2001,77063923,0,77063923,77063923-0
Denmark,2002,91324907,0,91324907,91324907-0
Denmark,2003,57028037,0,57028037,57028037-0
Denmark,2004,25482007,0,25482007,25482007-0
Denmark,2005,125145775,0,125145775,125145775-0
Denmark,2006,10170167,0,10170167,10170167-0
Denmark,2007,21329239,0,21329239,21329239-0
Denmark,2008,16290834,0,16290834,16290834-0
Denmark,2009,6819444,0,6819444,6819444-0
Denmark,2010,21438651,0,21438651,21438651-0
Denmark,2011,33654018,0,33654018,33654018-0
Denmark,2012,14988225,0,14988225,14988225-0
Denmark,2013,4941770,0,4941770,4941770-0
Finland,1983,3517060,70538468,74055528,3517060-70538468
Finland,1984,0,26553629,26553629,0-26553629
Finland,1986,0,83529726,83529726,0-83529726
Finland,1987,1482877,0,1482877,1482877-0
Finland,1988,447649,0,447649,447649-0
Finland,1989,16608550,0,16608550,16608550-0
Finland,1990,4220992,0,4220992,4220992-0
Finland,1991,30659992,0,30659992,30659992-0
Finland,1992,69776266,0,69776266,69776266-0
Finland,1993,15643128,0,15643128,15643128-0
Finland,1994,30027227,0,30027227,30027227-0
Finland,1995,20700602,0,20700602,20700602-0
Finland,1996,20289146,0,20289146,20289146-0
Finland,1997,28181494,0,28181494,28181494-0
Finland,1998,10099793,0,10099793,10099793-0
Finland,1999,17111953,0,17111953,17111953-0
Finland,2000,23911436,0,23911436,23911436-0
Finland,2001,17586870,0,17586870,17586870-0
Finland,2002,35865984,0,35865984,35865984-0
Finland,2003,19462895,0,19462895,19462895-0
Finland,2004,23784055,0,23784055,23784055-0
Finland,2005,50908114,0,50908114,50908114-0
Finland,2006,25456746,73670,25530416,25456746-73670
Finland,2007,19522990,0,19522990,19522990-0
Finland,2008,39238852,0,39238852,39238852-0
Finland,2009,64703548,0,64703548,64703548-0
Finland,2010,20238960,0,20238960,20238960-0
Finland,2011,34660814,0,34660814,34660814-0
Finland,2012,7911710,0,7911710,7911710-0
Finland,2013,13933712,0,13933712,13933712-0
Greece,1980,0,115371982,115371982,0-115371982
Greece,1981,0,26046686,26046686,0-26046686
Greece,1985,0,36819257,36819257,0-36819257
Greece,1988,0,37727914,37727914,0-37727914
Greece,1991,0,303412067,303412067,0-303412067
Greece,2002,3051811,0,3051811,3051811-0
Greece,2003,9823209,0,9823209,9823209-0
Greece,2004,875060,0,875060,875060-0
Greece,2005,3084323,0,3084323,3084323-0
Greece,2006,2803352,0,2803352,2803352-0
Greece,2007,3082200,0,3082200,3082200-0
Greece,2008,2542149,0,2542149,2542149-0
Greece,2009,2070017,0,2070017,2070017-0
Greece,2010,2151692,0,2151692,2151692-0
Greece,2011,1740617,0,1740617,1740617-0
Greece,2012,1220624,0,1220624,1220624-0
Greece,2013,222131,0,222131,222131-0
Austria,1974,24126329,0,24126329,24126329-0
Austria,1976,12981849,0,12981849,12981849-0
Austria,1977,2608725,0,2608725,2608725-0
Austria,1978,27058314,0,27058314,27058314-0
Austria,1979,2480539,0,2480539,2480539-0
Austria,1980,2720513,157632201,160352714,2720513-157632201
Austria,1981,53422527,163916,53586443,53422527-163916
Austria,1982,272169,58590672,58862841,272169-58590672
Austria,1983,17235616,0,17235616,17235616-0
Austria,1985,87348212,0,87348212,87348212-0
Austria,1986,15801537,0,15801537,15801537-0
Austria,1987,77374,0,77374,77374-0
Austria,1988,400964,0,400964,400964-0
Austria,1989,18299145,0,18299145,18299145-0
Austria,1990,3458667,0,3458667,3458667-0
Austria,1991,43662774,0,43662774,43662774-0
Austria,1992,7690278,0,7690278,7690278-0
Austria,1993,8599286,132570772,141170058,8599286-132570772
Austria,1994,496076,0,496076,496076-0
Austria,1995,2349112,0,2349112,2349112-0
Austria,1996,31485810,56293,31542103,31485810-56293
Austria,1997,18810672,0,18810672,18810672-0
Austria,1998,17433736,0,17433736,17433736-0
Austria,1999,27735866,0,27735866,27735866-0
Austria,2000,41623882,0,41623882,41623882-0
Austria,2001,64630850,171695803,236326653,64630850-171695803
Austria,2002,64136019,249428720,313564739,64136019-249428720
Austria,2003,57940744,0,57940744,57940744-0
Austria,2004,46228250,1508,46229758,46228250-1508
Austria,2005,17870615,127534,17998149,17870615-127534
Austria,2006,8003253,0,8003253,8003253-0
Austria,2007,11550522,0,11550522,11550522-0
Austria,2008,6949094,0,6949094,6949094-0
Austria,2009,7871776,0,7871776,7871776-0
Austria,2010,8224524,0,8224524,8224524-0
Austria,2011,5945013,0,5945013,5945013-0
Austria,2012,9369281,0,9369281,9369281-0
Austria,2013,7169039,0,7169039,7169039-0
Ireland,1980,0,30268231,30268231,0-30268231
Ireland,1981,0,58605044,58605044,0-58605044
Ireland,1990,0,46238132,46238132,0-46238132
Ireland,1991,0,6065209,6065209,0-6065209
Ireland,1999,0,174812788,174812788,0-174812788
Ireland,2000,7976318,171345603,179321921,7976318-171345603
Ireland,2001,13231961,175063408,188295369,13231961-175063408
Ireland,2002,22971354,272240314,295211668,22971354-272240314
Ireland,2003,27083746,0,27083746,27083746-0
Ireland,2004,23980282,0,23980282,23980282-0
Ireland,2005,28639372,0,28639372,28639372-0
Ireland,2006,28942598,0,28942598,28942598-0
Ireland,2007,28202952,0,28202952,28202952-0
Ireland,2008,34965187,0,34965187,34965187-0
Ireland,2009,21707708,0,21707708,21707708-0
Ireland,2010,15971582,0,15971582,15971582-0
Ireland,2011,16164777,0,16164777,16164777-0
Ireland,2012,14021437,0,14021437,14021437-0
Ireland,2013,11285184,0,11285184,11285184-0
Japan,1973,938965880,0,938965880,938965880-0
Japan,1974,2730202327,0,2730202327,2730202327-0
Japan,1975,1339039677,0,1339039677,1339039677-0
Japan,1976,762168614,0,762168614,762168614-0
Japan,1977,1479116934,0,1479116934,1479116934-0
Japan,1978,1429326640,0,1429326640,1429326640-0
Japan,1979,1014747194,0,1014747194,1014747194-0
Japan,1980,1826375443,264768921,2091144364,1826375443-264768921
Japan,1981,2935257275,446920760,3382178035,2935257275-446920760
Japan,1982,1471338041,0,1471338041,1471338041-0
Japan,1983,1760860027,0,1760860027,1760860027-0
Japan,1984,2565737016,166832089,2732569105,2565737016-166832089
Japan,1985,2525827880,269876498,2795704378,2525827880-269876498
Japan,1986,1341662477,130559708,1472222185,1341662477-130559708
Japan,1987,1770174669,525123264,2295297933,1770174669-525123264
Japan,1988,3320238368,0,3320238368,3320238368-0
Japan,1989,582793544,0,582793544,582793544-0
Japan,1990,2604458951,0,2604458951,2604458951-0
Japan,1991,4702296751,0,4702296751,4702296751-0
Japan,1992,2865776832,0,2865776832,2865776832-0
Japan,1993,2494054534,0,2494054534,2494054534-0
Japan,1994,2667081144,0,2667081144,2667081144-0
Japan,1995,2880751774,0,2880751774,2880751774-0
Japan,1996,3905453074,0,3905453074,3905453074-0
Japan,1997,10777668538,0,10777668538,10777668538-0
Japan,1998,4486462107,0,4486462107,4486462107-0
Japan,1999,8630152095,276896345,8907048440,8630152095-276896345
Japan,2000,1310812373,0,1310812373,1310812373-0
Japan,2001,1017504389,0,1017504389,1017504389-0
Japan,2002,2561928262,0,2561928262,2561928262-0
Japan,2003,2147321397,0,2147321397,2147321397-0
Japan,2004,2545515962,0,2545515962,2545515962-0
Japan,2005,2566817614,0,2566817614,2566817614-0
Japan,2006,2542330417,0,2542330417,2542330417-0
Japan,2007,3544215397,0,3544215397,3544215397-0
Japan,2008,4531094069,0,4531094069,4531094069-0
Japan,2009,2645297987,0,2645297987,2645297987-0
Japan,2010,3428196179,124673,3428320852,3428196179-124673
Japan,2011,2635586602,0,2635586602,2635586602-0
Japan,2012,4256445621,0,4256445621,4256445621-0
Japan,2013,2641200097,0,2641200097,2641200097-0
Luxembourg,1993,0,415719806,415719806,0-415719806
Luxembourg,2001,4867259,0,4867259,4867259-0
Luxembourg,2002,9896164,139320026,149216190,9896164-139320026
Luxembourg,2003,830472,0,830472,830472-0
Luxembourg,2004,10034092,0,10034092,10034092-0
Luxembourg,2005,13121625,0,13121625,13121625-0
Luxembourg,2006,9045047,0,9045047,9045047-0
Luxembourg,2007,8883735,0,8883735,8883735-0
Luxembourg,2008,9669591,0,9669591,9669591-0
Luxembourg,2009,9324881,0,9324881,9324881-0
Luxembourg,2010,9812280,0,9812280,9812280-0
Luxembourg,2011,9920871,0,9920871,9920871-0
Luxembourg,2012,8502699,0,8502699,8502699-0
Luxembourg,2013,7645306,0,7645306,7645306-0
New Zealand,1980,0,11703716,11703716,0-11703716
New Zealand,1981,752775,0,752775,752775-0
New Zealand,1982,572352,213884594,214456946,572352-213884594
New Zealand,1983,216892,0,216892,216892-0
New Zealand,1985,4831732,0,4831732,4831732-0
New Zealand,1995,1551034,0,1551034,1551034-0
New Zealand,2002,3965321,0,3965321,3965321-0
New Zealand,2003,5429394,0,5429394,5429394-0
New Zealand,2004,5342910,0,5342910,5342910-0
New Zealand,2005,5156674,0,5156674,5156674-0
New Zealand,2006,4390620,0,4390620,4390620-0
New Zealand,2007,4179628,0,4179628,4179628-0
New Zealand,2008,4836516,0,4836516,4836516-0
New Zealand,2009,4720299,0,4720299,4720299-0
New Zealand,2010,3518946,0,3518946,3518946-0
New Zealand,2011,3623798,0,3623798,3623798-0
New Zealand,2012,1722664,0,1722664,1722664-0
New Zealand,2013,1938330,0,1938330,1938330-0
United Kingdom,1973,442579189,0,442579189,442579189-0
United Kingdom,1974,1405378815,0,1405378815,1405378815-0
United Kingdom,1975,222187891,0,222187891,222187891-0
United Kingdom,1976,51613566,0,51613566,51613566-0
United Kingdom,1977,860011341,0,860011341,860011341-0
United Kingdom,1978,971709388,0,971709388,971709388-0
United Kingdom,1979,5012313,0,5012313,5012313-0
United Kingdom,1980,567311470,399202551,966514021,567311470-399202551
United Kingdom,1981,7198102,558141413,565339515,7198102-558141413
United Kingdom,1982,775334730,0,775334730,775334730-0
United Kingdom,1983,571679920,0,571679920,571679920-0
United Kingdom,1984,753538727,0,753538727,753538727-0
United Kingdom,1985,1255318,0,1255318,1255318-0
United Kingdom,1986,227395004,0,227395004,227395004-0
United Kingdom,1987,829894066,0,829894066,829894066-0
United Kingdom,1988,80251575,0,80251575,80251575-0
United Kingdom,1989,269229353,0,269229353,269229353-0
United Kingdom,1990,270402953,0,270402953,270402953-0
United Kingdom,1991,270595943,0,270595943,270595943-0
United Kingdom,1992,1055458482,0,1055458482,1055458482-0
United Kingdom,1993,407941751,0,407941751,407941751-0
United Kingdom,1994,297003626,0,297003626,297003626-0
United Kingdom,1995,385163028,0,385163028,385163028-0
United Kingdom,1996,934520515,0,934520515,934520515-0
United Kingdom,1997,734365792,0,734365792,734365792-0
United Kingdom,1998,703712023,0,703712023,703712023-0
United Kingdom,1999,847273116,0,847273116,847273116-0
United Kingdom,2000,725259608,0,725259608,725259608-0
United Kingdom,2001,687651442,0,687651442,687651442-0
United Kingdom,2002,650113998,0,650113998,650113998-0
United Kingdom,2003,838243526,0,838243526,838243526-0
United Kingdom,2004,879595860,0,879595860,879595860-0
United Kingdom,2005,822343669,0,822343669,822343669-0
United Kingdom,2006,800914880,0,800914880,800914880-0
United Kingdom,2007,1019400656,0,1019400656,1019400656-0
United Kingdom,2008,788164298,0,788164298,788164298-0
United Kingdom,2009,979674038,0,979674038,979674038-0
United Kingdom,2010,435982774,0,435982774,435982774-0
United Kingdom,2011,238230871,0,238230871,238230871-0
United Kingdom,2012,386497679,0,386497679,386497679-0
United Kingdom,2013,490448080,0,490448080,490448080-0
Belgium,1973,39251336,0,39251336,39251336-0
Belgium,1974,43588598,0,43588598,43588598-0
Belgium,1975,38863307,0,38863307,38863307-0
Belgium,1976,36126619,0,36126619,36126619-0
Belgium,1977,35853879,0,35853879,35853879-0
Belgium,1978,32189217,0,32189217,32189217-0
Belgium,1979,30801519,0,30801519,30801519-0
Belgium,1980,0,147868500,147868500,0-147868500
Belgium,1981,61917902,36477733,98395635,61917902-36477733
Belgium,1983,46243316,0,46243316,46243316-0
Belgium,1985,4191839,0,4191839,4191839-0
Belgium,1989,183930257,0,183930257,183930257-0
Belgium,1990,187058124,0,187058124,187058124-0
Belgium,1992,470688315,0,470688315,470688315-0
Belgium,1993,75567601,0,75567601,75567601-0
Belgium,1994,26867841,0,26867841,26867841-0
Belgium,1995,45999593,0,45999593,45999593-0
Belgium,1996,25987887,0,25987887,25987887-0
Belgium,1997,35402467,0,35402467,35402467-0
Belgium,1998,25116690,0,25116690,25116690-0
Belgium,1999,30505209,0,30505209,30505209-0
Belgium,2000,32342289,0,32342289,32342289-0
Belgium,2001,31859079,0,31859079,31859079-0
Belgium,2002,63495593,0,63495593,63495593-0
Belgium,2003,58875247,0,58875247,58875247-0
Belgium,2004,52561101,0,52561101,52561101-0
Belgium,2005,48285276,0,48285276,48285276-0
Belgium,2006,58458568,0,58458568,58458568-0
Belgium,2007,33187081,0,33187081,33187081-0
Belgium,2008,53059381,0,53059381,53059381-0
Belgium,2009,42809116,0,42809116,42809116-0
Belgium,2010,41446751,0,41446751,41446751-0
Belgium,2011,47828984,0,47828984,47828984-0
Belgium,2012,35767940,0,35767940,35767940-0
Belgium,2013,68317348,0,68317348,68317348-0
Norway,1973,35874848,0,35874848,35874848-0
Norway,1974,94887523,0,94887523,94887523-0
Norway,1975,64575343,0,64575343,64575343-0
Norway,1976,10419282,0,10419282,10419282-0
Norway,1977,60133610,0,60133610,60133610-0
Norway,1978,147255461,0,147255461,147255461-0
Norway,1979,140327273,0,140327273,140327273-0
Norway,1980,41738095,43725131,85463226,41738095-43725131
Norway,1981,51124921,130936843,182061764,51124921-130936843
Norway,1982,110623404,63586018,174209422,110623404-63586018
Norway,1984,101664449,0,101664449,101664449-0
Norway,1985,85932533,0,85932533,85932533-0
Norway,1986,9848663,0,9848663,9848663-0
Norway,1987,244641035,0,244641035,244641035-0
Norway,1988,20840875,0,20840875,20840875-0
Norway,1989,51903997,0,51903997,51903997-0
Norway,1990,22442656,0,22442656,22442656-0
Norway,1991,58788041,0,58788041,58788041-0
Norway,1992,40117760,62668301,102786061,40117760-62668301
Norway,1993,72847215,67085688,139932903,72847215-67085688
Norway,1994,126824955,0,126824955,126824955-0
Norway,1995,73931976,0,73931976,73931976-0
Norway,1996,66497399,0,66497399,66497399-0
Norway,1997,71998190,0,71998190,71998190-0
Norway,1998,57457846,0,57457846,57457846-0
Norway,1999,92238378,0,92238378,92238378-0
Norway,2000,127714893,0,127714893,127714893-0
Norway,2001,209376138,0,209376138,209376138-0
Norway,2002,73856084,0,73856084,73856084-0
Norway,2003,38448603,0,38448603,38448603-0
Norway,2004,41531404,0,41531404,41531404-0
Norway,2005,83655835,0,83655835,83655835-0
Norway,2006,324841794,0,324841794,324841794-0
Norway,2007,116693404,0,116693404,116693404-0
Norway,2008,58648457,0,58648457,58648457-0
Norway,2009,237828698,0,237828698,237828698-0
Norway,2010,323665853,0,323665853,323665853-0
Norway,2011,268584661,0,268584661,268584661-0
Norway,2012,262015590,0,262015590,262015590-0
Norway,2013,295017276,0,295017276,295017276-0
Italy,1973,166719069,0,166719069,166719069-0
Italy,1976,35601469,0,35601469,35601469-0
Italy,1980,0,894504816,894504816,0-894504816
Italy,1981,0,3585196,3585196,0-3585196
Italy,1982,0,663971,663971,0-663971
Italy,1983,33513460,147595542,181109002,33513460-147595542
Italy,1984,225774377,551936148,777710525,225774377-551936148
Italy,1985,164182162,0,164182162,164182162-0
Italy,1986,48874532,0,48874532,48874532-0
Italy,1987,282071099,0,282071099,282071099-0
Italy,1988,116403581,0,116403581,116403581-0
Italy,1989,112626078,0,112626078,112626078-0
Italy,1990,136489843,0,136489843,136489843-0
Italy,1991,138712028,0,138712028,138712028-0
Italy,1992,170049742,0,170049742,170049742-0
Italy,1993,124373956,277419753,401793709,124373956-277419753
Italy,1994,25806540,524992994,550799534,25806540-524992994
Italy,1995,1397467126,0,1397467126,1397467126-0
Italy,1996,26143275,0,26143275,26143275-0
Italy,1997,11342151,0,11342151,11342151-0
Italy,1998,24433295,0,24433295,24433295-0
Italy,1999,23505452,0,23505452,23505452-0
Italy,2000,34877961,92408,34970369,34877961-92408
Italy,2001,61884442,0,61884442,61884442-0
Italy,2002,31576918,0,31576918,31576918-0
Italy,2003,15582599,35589,15618188,15582599-35589
Italy,2004,65385193,0,65385193,65385193-0
Italy,2005,69732388,0,69732388,69732388-0
Italy,2006,28923679,0,28923679,28923679-0
Italy,2007,33580751,0,33580751,33580751-0
Italy,2008,38676392,0,38676392,38676392-0
Italy,2009,53936210,0,53936210,53936210-0
Italy,2010,40421158,0,40421158,40421158-0
Italy,2011,49349085,0,49349085,49349085-0
Italy,2012,23960216,0,23960216,23960216-0
Italy,2013,23679747,0,23679747,23679747-0
Portugal,1980,0,4136160,4136160,0-4136160
Portugal,1981,0,144765310,144765310,0-144765310
Portugal,1984,0,1826510,1826510,0-1826510
Portugal,1986,0,21863247,21863247,0-21863247
Portugal,1988,0,2538321,2538321,0-2538321
Portugal,1996,331133,0,331133,331133-0
Portugal,1997,344667,0,344667,344667-0
Portugal,1998,100751,0,100751,100751-0
Portugal,1999,2099809,0,2099809,2099809-0
Portugal,2000,2738129,0,2738129,2738129-0
Portugal,2001,4477740,0,4477740,4477740-0
Portugal,2002,7394633,0,7394633,7394633-0
Portugal,2003,1051124,0,1051124,1051124-0
Portugal,2004,2805269,0,2805269,2805269-0
Portugal,2005,2827761,0,2827761,2827761-0
Portugal,2006,2556983,0,2556983,2556983-0
Portugal,2007,4973178,0,4973178,4973178-0
Portugal,2008,2596175,113058,2709233,2596175-113058
Portugal,2009,2079818,0,2079818,2079818-0
Portugal,2010,9121622,0,9121622,9121622-0
Portugal,2011,9036429,0,9036429,9036429-0
Portugal,2012,7736231,0,7736231,7736231-0
Portugal,2013,6629414,0,6629414,6629414-0
Spain,1980,0,285026867,285026867,0-285026867
Spain,1981,0,199457361,199457361,0-199457361
Spain,1982,0,77227580,77227580,0-77227580
Spain,1989,100535177,0,100535177,100535177-0
Spain,1990,33912950,0,33912950,33912950-0
Spain,1991,134873730,0,134873730,134873730-0
Spain,1993,36693281,0,36693281,36693281-0
Spain,1994,6797785,0,6797785,6797785-0
Spain,1995,24737384,0,24737384,24737384-0
Spain,1996,41887270,0,41887270,41887270-0
Spain,1997,61562728,0,61562728,61562728-0
Spain,1998,56295291,0,56295291,56295291-0
Spain,1999,79380361,0,79380361,79380361-0
Spain,2000,59684269,0,59684269,59684269-0
Spain,2001,71240556,0,71240556,71240556-0
Spain,2002,76217540,0,76217540,76217540-0
Spain,2003,134313618,0,134313618,134313618-0
Spain,2004,62843645,0,62843645,62843645-0
Spain,2005,81547019,0,81547019,81547019-0
Spain,2006,102707597,0,102707597,102707597-0
Spain,2007,118856065,0,118856065,118856065-0
Spain,2008,152422527,0,152422527,152422527-0
Spain,2009,238613474,0,238613474,238613474-0
Spain,2010,128037041,0,128037041,128037041-0
Spain,2011,100140152,0,100140152,100140152-0
Spain,2012,55560499,0,55560499,55560499-0
Spain,2013,55835945,0,55835945,55835945-0
Liechtenstein,1981,199326,18264370,18463696,199326-18264370
Liechtenstein,1982,734297,0,734297,734297-0
Liechtenstein,1983,63282,0,63282,63282-0
Liechtenstein,1989,11161,0,11161,11161-0
Liechtenstein,1990,299897,0,299897,299897-0
Liechtenstein,1993,124845,0,124845,124845-0
Liechtenstein,1994,86232,0,86232,86232-0
Liechtenstein,1996,141858,0,141858,141858-0
Liechtenstein,1997,104054,0,104054,104054-0
Liechtenstein,1998,98845,0,98845,98845-0
Liechtenstein,2000,380208,0,380208,380208-0
Liechtenstein,2001,264468,0,264468,264468-0
Liechtenstein,2002,147592,10053,157645,147592-10053
Liechtenstein,2003,544967,0,544967,544967-0
Liechtenstein,2004,216815,0,216815,216815-0
Liechtenstein,2005,494415,51947,546362,494415-51947
Liechtenstein,2006,121077,0,121077,121077-0
Liechtenstein,2007,199170,0,199170,199170-0
Liechtenstein,2008,138191,66713,204904,138191-66713
Latvia,1990,0,543060,543060,0-543060
Latvia,1991,0,398476,398476,0-398476
Latvia,1992,0,106443347,106443347,0-106443347
Latvia,1993,0,52648796,52648796,0-52648796
Latvia,1994,0,28380386,28380386,0-28380386
Latvia,1995,0,39008900,39008900,0-39008900
Latvia,1996,0,25044880,25044880,0-25044880
Latvia,1997,0,22485213,22485213,0-22485213
Latvia,1998,0,46078691,46078691,0-46078691
Latvia,1999,0,10570801,10570801,0-10570801
Latvia,2000,0,14205663,14205663,0-14205663
Latvia,2001,0,22714406,22714406,0-22714406
Latvia,2002,0,23562554,23562554,0-23562554
Latvia,2003,0,15787761,15787761,0-15787761
Latvia,2004,0,15622106,15622106,0-15622106
Iceland,1980,0,18060045,18060045,0-18060045
Iceland,2012,39083,0,39083,39083-0
Iceland,2013,133418,0,133418,133418-0
Switzerland,1973,14060941,0,14060941,14060941-0
Switzerland,1974,64549529,0,64549529,64549529-0
Switzerland,1975,103204755,0,103204755,103204755-0
Switzerland,1976,43577287,0,43577287,43577287-0
Switzerland,1977,111194695,0,111194695,111194695-0
Switzerland,1978,35883359,0,35883359,35883359-0
Switzerland,1979,67821487,0,67821487,67821487-0
Switzerland,1980,10028652,0,10028652,10028652-0
Switzerland,1981,18045799,0,18045799,18045799-0
Switzerland,1982,63684924,0,63684924,63684924-0
Switzerland,1983,190427090,0,190427090,190427090-0
Switzerland,1984,116248354,0,116248354,116248354-0
Switzerland,1985,52165585,0,52165585,52165585-0
Switzerland,1986,35598036,0,35598036,35598036-0
Switzerland,1987,87982342,0,87982342,87982342-0
Switzerland,1988,32738889,0,32738889,32738889-0
Switzerland,1989,75386666,0,75386666,75386666-0
Switzerland,1990,123834846,0,123834846,123834846-0
Switzerland,1991,157754122,0,157754122,157754122-0
Switzerland,1992,31332667,0,31332667,31332667-0
Switzerland,1993,43709522,0,43709522,43709522-0
Switzerland,1994,40395940,0,40395940,40395940-0
Switzerland,1995,37875588,0,37875588,37875588-0
Switzerland,1996,63515858,0,63515858,63515858-0
Switzerland,1997,101719058,0,101719058,101719058-0
Switzerland,1998,70204297,0,70204297,70204297-0
Switzerland,1999,104482040,0,104482040,104482040-0
Switzerland,2000,129146680,184816,129331496,129146680-184816
Switzerland,2001,93682742,0,93682742,93682742-0
Switzerland,2002,127936461,24996,127961457,127936461-24996
Switzerland,2003,65840038,19468,65859506,65840038-19468
Switzerland,2004,61749696,0,61749696,61749696-0
Switzerland,2005,70896849,97503,70994352,70896849-97503
Switzerland,2006,43757262,0,43757262,43757262-0
Switzerland,2007,51309531,0,51309531,51309531-0
Switzerland,2008,39324550,0,39324550,39324550-0
Switzerland,2009,53471939,0,53471939,53471939-0
Switzerland,2010,53676771,0,53676771,53676771-0
Switzerland,2011,39344798,0,39344798,39344798-0
Switzerland,2012,41783411,0,41783411,41783411-0
Switzerland,2013,74744897,0,74744897,74744897-0
Germany,1973,562232384,0,562232384,562232384-0
Germany,1974,698168091,0,698168091,698168091-0
Germany,1975,833859928,0,833859928,833859928-0
Germany,1976,639963734,0,639963734,639963734-0
Germany,1977,617148856,0,617148856,617148856-0
Germany,1978,410412482,0,410412482,410412482-0
Germany,1979,787807347,0,787807347,787807347-0
Germany,1980,654031054,0,654031054,654031054-0
Germany,1981,751727169,0,751727169,751727169-0
Germany,1982,853843929,0,853843929,853843929-0
Germany,1983,494657126,0,494657126,494657126-0
Germany,1984,950183614,0,950183614,950183614-0
Germany,1985,1590619838,0,1590619838,1590619838-0
Germany,1986,539033266,0,539033266,539033266-0
Germany,1987,788040730,0,788040730,788040730-0
Germany,1988,757183394,0,757183394,757183394-0
Germany,1989,3020847013,0,3020847013,3020847013-0
Germany,1990,3382157543,0,3382157543,3382157543-0
Germany,1991,323668836,0,323668836,323668836-0
Germany,1992,8552232648,0,8552232648,8552232648-0
Germany,1993,450749201,0,450749201,450749201-0
Germany,1994,380199578,0,380199578,380199578-0
Germany,1995,3308855279,0,3308855279,3308855279-0
Germany,1996,474378180,0,474378180,474378180-0
Germany,1997,782428714,0,782428714,782428714-0
Germany,1998,323280491,0,323280491,323280491-0
Germany,1999,530422355,0,530422355,530422355-0
Germany,2000,350983095,0,350983095,350983095-0
Germany,2001,891724108,0,891724108,891724108-0
Germany,2002,744664103,0,744664103,744664103-0
Germany,2003,717917759,0,717917759,717917759-0
Germany,2004,757859065,31462,757890527,757859065-31462
Germany,2005,846945037,0,846945037,846945037-0
Germany,2006,664320505,0,664320505,664320505-0
Germany,2007,977570017,28702,977598719,977570017-28702
Germany,2008,1168597647,0,1168597647,1168597647-0
Germany,2009,1270803240,0,1270803240,1270803240-0
Germany,2010,866568253,0,866568253,866568253-0
Germany,2011,1400378605,0,1400378605,1400378605-0
Germany,2012,1519377935,0,1519377935,1519377935-0
Germany,2013,1582596672,0,1582596672,1582596672-0
Slovenia,1992,0,10624910,10624910,0-10624910
Slovenia,1993,0,2609520,2609520,0-2609520
Slovenia,1994,0,12375582,12375582,0-12375582
Slovenia,1995,0,7405043,7405043,0-7405043
Slovenia,1996,0,90121406,90121406,0-90121406
Slovenia,1997,0,7858148,7858148,0-7858148
Slovenia,1998,0,8484412,8484412,0-8484412
Slovenia,1999,0,12831539,12831539,0-12831539
Slovenia,2000,0,32556545,32556545,0-32556545
Slovenia,2001,0,13913044,13913044,0-13913044
Slovenia,2002,0,7663650,7663650,0-7663650
Slovenia,2003,0,6291746,6291746,0-6291746
Slovenia,2004,0,12414136,12414136,0-12414136
Slovenia,2006,0,74572,74572,0-74572
Slovenia,2007,0,105426,105426,0-105426
Slovenia,2008,0,105521,105521,0-105521
Slovenia,2010,135720,0,135720,135720-0
Slovenia,2013,14308,0,14308,14308-0
Monaco,2006,119315,0,119315,119315-0
Monaco,2007,264319,0,264319,264319-0
Monaco,2008,557753,0,557753,557753-0
United Arab Emirates,1973,0,65097,65097,0-65097
United Arab Emirates,1976,64911546,0,64911546,64911546-0
United Arab Emirates,1977,0,3599299,3599299,0-3599299
United Arab Emirates,1980,0,174742,174742,0-174742
United Arab Emirates,1981,0,1813286,1813286,0-1813286
United Arab Emirates,1982,0,936588,936588,0-936588
United Arab Emirates,1983,0,598545,598545,0-598545
United Arab Emirates,1984,0,505928,505928,0-505928
United Arab Emirates,1985,0,136260119,136260119,0-136260119
United Arab Emirates,1987,0,131760270,131760270,0-131760270
United Arab Emirates,1994,0,9485289,9485289,0-9485289
United Arab Emirates,1995,0,1579978,1579978,0-1579978
United Arab Emirates,1996,0,1038083,1038083,0-1038083
United Arab Emirates,1997,0,1002901,1002901,0-1002901
United Arab Emirates,1998,0,461121,461121,0-461121
United Arab Emirates,1999,0,595520,595520,0-595520
United Arab Emirates,2000,0,628944,628944,0-628944
United Arab Emirates,2001,0,2140111,2140111,0-2140111
United Arab Emirates,2002,0,1783343,1783343,0-1783343
United Arab Emirates,2003,0,2325618,2325618,0-2325618
United Arab Emirates,2004,0,3451690,3451690,0-3451690
United Arab Emirates,2010,1109303,0,1109303,1109303-0
United Arab Emirates,2011,590706,0,590706,590706-0
United Arab Emirates,2012,1025431,0,1025431,1025431-0
Netherlands,1973,162750945,0,162750945,162750945-0
Netherlands,1974,323468392,0,323468392,323468392-0
Netherlands,1975,130708382,0,130708382,130708382-0
Netherlands,1976,426349160,0,426349160,426349160-0
Netherlands,1977,352515092,0,352515092,352515092-0
Netherlands,1978,231844808,0,231844808,231844808-0
Netherlands,1979,82256186,0,82256186,82256186-0
Netherlands,1980,352628199,0,352628199,352628199-0
Netherlands,1981,270695825,0,270695825,270695825-0
Netherlands,1982,163308875,0,163308875,163308875-0
Netherlands,1983,305883422,0,305883422,305883422-0
Netherlands,1984,192857428,0,192857428,192857428-0
Netherlands,1985,75285016,0,75285016,75285016-0
Netherlands,1986,379878579,0,379878579,379878579-0
Netherlands,1987,573020364,0,573020364,573020364-0
Netherlands,1988,277081548,0,277081548,277081548-0
Netherlands,1989,472821276,0,472821276,472821276-0
Netherlands,1990,207980200,0,207980200,207980200-0
Netherlands,1991,233871628,0,233871628,233871628-0
Netherlands,1992,269752132,0,269752132,269752132-0
Netherlands,1993,213700000,0,213700000,213700000-0
Netherlands,1994,269718206,0,269718206,269718206-0
Netherlands,1995,284400704,0,284400704,284400704-0
Netherlands,1996,328972856,0,328972856,328972856-0
Netherlands,1997,166669840,0,166669840,166669840-0
Netherlands,1998,127981057,0,127981057,127981057-0
Netherlands,1999,55292716,0,55292716,55292716-0
Netherlands,2000,106331706,0,106331706,106331706-0
Netherlands,2001,416890876,0,416890876,416890876-0
Netherlands,2002,452558367,0,452558367,452558367-0
Netherlands,2003,212985661,0,212985661,212985661-0
Netherlands,2004,91745692,0,91745692,91745692-0
Netherlands,2005,233003711,0,233003711,233003711-0
Netherlands,2006,98616009,0,98616009,98616009-0
Netherlands,2007,121033675,0,121033675,121033675-0
Netherlands,2008,69615673,0,69615673,69615673-0
Netherlands,2009,107803997,0,107803997,107803997-0
Netherlands,2010,55471821,0,55471821,55471821-0
Netherlands,2011,19530662,0,19530662,19530662-0
Netherlands,2012,11311438,0,11311438,11311438-0
Netherlands,2013,11055065,0,11055065,11055065-0
